{
  "training": {
    "output_dir": "checkpoints/mnist_kl",
    "epochs": 15,
    "batch_size": 128,
    "num_workers": 4,
    "learning_rate": 0.001,
    "weight_decay": 0.0,
    "kl_weight": 0.0005,
    "reg_type": "kl",
    "recon_type": "bce",
    "perceptual_weight": 0.0,
    "gan_weight": 0.0,
    "gan_start": 0,
    "disc_lr": null,
    "manual_device": null,
    "use_amp": false,
    "save_every": 5,
    "seed": 42,
    "img_size": 32,
    "data_root": "data/mnist",
    "dataset": "mnist",
    "download": true,
    "allow_microbatching": true,
    "perceptual_device": null,
    "disc_device": null,
    "kl_anneal_steps": 0,
    "codebook_weight": 1.0
  },
  "vae": {
    "in_channels": 1,
    "out_channels": 1,
    "resolution": 32,
    "base_ch": 64,
    "down_channels": [64, 128, 256],
    "num_res_blocks": 2,
    "attn_resolutions": [],
    "z_channels": 8,
    "embed_dim": 8,
    "dropout": 0.0,
    "use_attention": false,
    "spatial_dims": 2,
    "emb_channels": null,
    "use_scale_shift_norm": false,
    "double_z": true,
    "attn_heads": 4,
    "attn_dim_head": 64,
    "latent_type": "kl",
    "ckpt_path": null
  }
}
