{
  "training": {
    "output_dir": "checkpoints/vqvae",
    "epochs": 100,
    "batch_size": 4,
    "num_workers": 4,
    "learning_rate": 0.0001,
    "weight_decay": 0.0,
    "kl_weight": 0.0,
    "kl_anneal_steps": 0,
    "reg_type": "vq",
    "recon_type": "l1",
    "perceptual_weight": 0.0,
    "gan_weight": 0.0,
    "gan_start": 0,
    "disc_lr": null,
    "manual_device": null,
    "perceptual_device": null,
    "disc_device": null,
    "allow_microbatching": true,
    "use_amp": false,
    "save_every": 10,
    "seed": 42,
    "slice_count": 1,
    "img_size": 256,
    "data_root": "data",
    "codebook_weight": 1.0
  },
  "vae": {
    "in_channels": 3,
    "out_channels": 3,
    "resolution": 256,
    "base_ch": 32,
    "down_channels": [32, 64, 128, 256],
    "num_res_blocks": 2,
    "attn_resolutions": [],
    "z_channels": 256,
    "embed_dim": 256,
    "dropout": 0.0,
    "use_attention": false,
    "spatial_dims": 2,
    "emb_channels": null,
    "use_scale_shift_norm": false,
    "double_z": false,
    "attn_heads": 1,
    "attn_dim_head": 64,
    "latent_type": "vq",
    "codebook_size": 16384,
    "vq_beta": 0.25,
    "vq_ema_decay": 0.99,
    "vq_ema_eps": 1e-05,
    "norm_type": "gn",
    "act": "silu",
    "ckpt_path": null
  }
}
